{"cameraMode":{"drawMode":0,"name":"Shaded","section":"Shading Mode"},"sceneLighting":false,"audioPlay":false,"sceneViewState":{"showFog":true,"showMaterialUpdate":false,"showSkybox":false,"showFlares":true,"showImageEffects":true,"showParticleSystems":true},"in2DMode":false,"pivot":{"x":1.2233591079711915,"y":1.3012902736663819,"z":-2.5338363647460939},"rotation":{"x":0.0019617434591054918,"y":0.8836398720741272,"z":0.003702776739373803,"w":-0.46814867854118349},"size":4.42840576171875,"orthographic":false}